"ID","Description","GeneRatio","BgRatio","pvalue","p.adjust","qvalue","geneID","Count"
"GO:0050808","synapse organization","99/1560","432/18903",2.88735013994549e-21,1.54184497473089e-17,1.4217919952279e-17,"22854/23284/2823/1496/5800/22871/288/2895/10082/3084/9378/1826/10243/4009/26470/2066/2904/57502/1501/26059/577/23077/5789/4897/8499/26052/53942/6092/5217/1108/1000/23229/6622/257194/10882/145581/22883/56133/11141/323/5300/1488/23544/2047/55906/1020/7846/22865/57689/57633/23557/2555/1006/147381/66000/27253/388336/6505/56850/102/785/6529/4131/203068/79012/8321/23316/7804/55638/83992/54413/4137/23024/2045/23184/9722/351/266727/9456/84062/10013/869/91752/10369/6792/23380/2743/57549/158866/23181/80208/4983/4915/100528062/6547/1739/575/10196/9463",99
"GO:0050804","modulation of chemical synaptic transmission","95/1560","448/18903",5.09870810808214e-18,1.06114855498264e-14,9.78524135661103e-15,"22854/6857/10718/1630/22871/56853/2895/9699/9378/10142/152330/2918/2904/57502/26059/2932/2890/5789/5577/5530/22999/5217/1000/2898/8573/2894/5786/1996/6622/22986/22883/2917/23228/9693/84502/8224/112476/5579/5705/1129/2047/10675/1268/1020/57689/23557/55607/66000/27253/388336/6505/774/25953/773/785/6529/4131/321/5334/23316/7804/54413/22849/4137/5071/9228/351/259232/9456/84062/347733/57282/5581/134957/9627/869/57406/9454/10369/9211/59283/2913/23385/85445/815/3717/4983/116443/4915/25769/107/6547/81832/575/9463",95
"GO:0099177","regulation of trans-synaptic signaling","95/1560","449/18903",5.96150873585751e-18,1.06114855498264e-14,9.78524135661103e-15,"22854/6857/10718/1630/22871/56853/2895/9699/9378/10142/152330/2918/2904/57502/26059/2932/2890/5789/5577/5530/22999/5217/1000/2898/8573/2894/5786/1996/6622/22986/22883/2917/23228/9693/84502/8224/112476/5579/5705/1129/2047/10675/1268/1020/57689/23557/55607/66000/27253/388336/6505/774/25953/773/785/6529/4131/321/5334/23316/7804/54413/22849/4137/5071/9228/351/259232/9456/84062/347733/57282/5581/134957/9627/869/57406/9454/10369/9211/59283/2913/23385/85445/815/3717/4983/116443/4915/25769/107/6547/81832/575/9463",95
"GO:0016358","dendrite development","58/1560","237/18903",2.71448142511706e-14,3.62383270253127e-11,3.34166950176253e-11,"1496/1630/22871/120114/1826/473/1501/577/57498/4135/2932/5789/5530/8499/26052/1600/221692/1996/23043/51412/11141/4139/9693/57468/5592/2047/57520/1020/23426/9201/10371/23072/22903/4131/23316/7804/23105/57626/53335/22849/57118/351/114788/84062/10013/6792/23380/815/57549/158866/23181/116443/2146/7436/100528062/9856/10196/50488",58
"GO:0001764","neuron migration","45/1560","177/18903",5.19785051016915e-12,5.55130434486065e-09,5.11906203927816e-09,"22854/10718/23284/2823/10752/1496/1630/120114/3084/26053/4692/4897/7026/89796/1600/4929/221692/4756/7976/4139/9693/7280/460/340533/5592/23245/10806/1020/10844/9201/10371/79932/4131/266727/347733/6792/23380/161582/116983/815/85451/4915/57630/4192/9856",45
"GO:0050803","regulation of synapse structure or activity","50/1560","215/18903",1.24807898965712e-11,1.11079030079484e-08,1.02430061642386e-08,"2823/1496/5800/22871/2895/10082/9378/2904/577/23077/5789/4897/8499/26052/6092/1000/6622/257194/145581/22883/11141/57084/2047/1020/7846/22865/57633/1006/147381/56850/203068/79012/8321/23316/7804/83992/54413/2045/351/266727/9456/84062/869/91752/6792/57549/158866/4915/100528062/575",50
"GO:0050807","regulation of synapse organization","49/1560","209/18903",1.46404900972154e-11,1.11686024455901e-08,1.029897934959e-08,"2823/1496/5800/22871/2895/10082/9378/2904/577/23077/5789/4897/8499/26052/6092/1000/6622/257194/145581/22883/11141/2047/1020/7846/22865/57633/1006/147381/56850/203068/79012/8321/23316/7804/83992/54413/2045/351/266727/9456/84062/869/91752/6792/57549/158866/4915/100528062/575",49
"GO:0061564","axon development","85/1560","490/18903",3.4668887449742e-11,2.31414823727028e-08,2.13396125644596e-08,"22854/10752/1496/1630/5800/288/3800/9378/1826/26053/4684/4009/152330/4135/23077/4692/23499/2932/4897/285220/1272/9638/2044/53942/6092/8997/1600/1000/9315/4929/6091/214/80031/4756/7976/23032/2917/9353/85440/51761/3925/91584/2047/5362/10675/1268/1020/22865/10381/57689/333/9201/10371/4685/51199/4131/23105/54413/2051/6586/11313/79805/9637/7074/4137/2045/351/7345/347733/10013/9331/6792/9211/57549/2042/80208/3717/4983/4915/107/596/9856/575/123016/4155",85
"GO:0010975","regulation of neuron projection development","79/1560","446/18903",6.10799241754984e-11,3.30650783318168e-08,3.04905256132937e-08,"22854/1496/9863/1630/5800/22871/2895/120114/1826/57554/221914/577/57498/4135/23077/23499/2932/5789/5530/4897/1272/8499/26052/55704/9638/6092/1600/1000/1996/257194/6091/23043/80031/11141/4139/55714/9693/9353/51761/91584/57520/5362/1268/1020/57689/23557/10371/23072/7025/51199/4131/8321/23316/7804/23105/53335/7074/4137/57118/2045/10690/114788/5780/84062/347733/91752/6792/163404/116983/9896/2042/158866/2146/7436/4915/100528062/4192/9856/4155",79
"GO:0007409","axonogenesis","78/1560","438/18903",6.19196223442262e-11,3.30650783318168e-08,3.04905256132937e-08,"22854/10752/1496/1630/5800/288/3800/9378/1826/26053/4684/4009/152330/4135/23077/4692/23499/2932/4897/285220/1272/9638/2044/53942/6092/8997/1600/1000/4929/6091/214/80031/4756/7976/23032/9353/85440/51761/3925/91584/2047/5362/1020/22865/10381/57689/333/9201/10371/51199/4131/23105/54413/2051/6586/11313/9637/7074/4137/2045/351/7345/347733/10013/9331/6792/9211/57549/2042/80208/4983/4915/107/596/9856/575/123016/4155",78
"GO:0007416","synapse assembly","44/1560","184/18903",7.9950339491382e-11,3.88122557167255e-08,3.57902093914531e-08,"23284/2823/22871/2895/10082/3084/9378/1826/2066/57502/577/23077/5789/4897/26052/53942/6092/1000/23229/6622/257194/145581/22883/56133/11141/2047/1020/22865/57633/2555/147381/27253/4131/8321/23316/54413/2045/351/266727/869/23380/4915/100528062/575",44
"GO:0034329","cell junction assembly","76/1560","430/18903",1.57506191987157e-10,7.00902554342848e-08,6.46328040452561e-08,"23284/2823/5800/22871/2895/26047/10082/3084/9378/287/1826/23122/2066/57502/1501/577/667/23077/23499/5789/324/4897/26052/53942/6092/22998/9448/4301/1000/23229/5786/6622/257194/145581/22883/56133/79191/11141/9693/4649/2241/2047/1008/28316/1020/22865/5796/57633/2555/1006/147381/5578/27253/4131/8321/23316/10207/54413/2045/54828/351/266727/5586/83660/869/10580/23380/2042/57669/4983/4915/100528062/1739/596/575/143098",76
"GO:0099173","postsynapse organization","40/1560","166/18903",4.49413246146812e-10,1.84605133417229e-07,1.70231187487837e-07,"22871/2895/9378/10243/2904/57502/1501/5789/4897/8499/26052/1000/23229/11141/2047/1020/22865/66000/388336/102/23316/7804/54413/2045/23184/9722/9456/84062/10013/869/91752/6792/2743/158866/23181/4983/100528062/1739/10196/9463",40
"GO:0048813","dendrite morphogenesis","36/1560","140/18903",4.87825021811585e-10,1.86070401176704e-07,1.71582364814631e-07,"1496/22871/1826/473/1501/577/57498/4135/2932/5789/5530/8499/26052/221692/1996/23043/11141/9693/2047/57520/1020/9201/10371/23072/22903/23316/7804/84062/10013/6792/158866/23181/7436/100528062/10196/50488",36
"GO:0099504","synaptic vesicle cycle","42/1560","192/18903",3.88386406889199e-09,1.38265560852555e-06,1.27499762205451e-06,"6857/22871/9699/57502/26059/8618/2932/9892/26052/22999/5217/1000/8573/6622/6453/273/8224/1488/112476/57084/5579/1129/1644/10675/1268/1020/23557/27253/56850/785/8120/321/54413/10947/84062/134957/4983/116443/107/8546/11069/115548",42
"GO:0030705","cytoskeleton-dependent intracellular transport","44/1560","208/18903",4.97696850722837e-09,1.66106323928747e-06,1.53172754452726e-06,"6421/3800/54874/22920/667/4135/8499/55704/9638/1740/1781/26958/636/2647/1780/7846/23095/112752/23557/66000/1778/51668/10376/4131/203068/8120/11020/55638/4137/10947/25777/351/7345/84062/79659/10013/6687/80208/23224/4642/29911/8546/79809/9742",44
"GO:0044089","positive regulation of cellular component biogenesis","79/1560","498/18903",1.18498289358659e-08,3.72224038338375e-06,3.43241484594307e-06,"2823/89795/22871/2895/26047/3084/9378/10142/26053/54874/23122/1113/10178/577/2932/57451/5789/324/26052/55704/11124/5217/22998/9448/9788/5295/9793/6622/647087/22843/22883/55729/79191/11141/54737/7175/23400/2241/5705/1027/2047/1786/9079/9026/22865/57633/6249/147381/9873/5578/1778/122060/4131/23316/23514/54413/79734/23272/54869/4137/54828/5581/139818/869/81857/85459/221908/163404/57669/90678/55196/4915/100528062/1739/575/143098/472/9696/55243",79
"GO:0031346","positive regulation of cell projection organization","61/1560","352/18903",2.17470248881104e-08,6.45161738347275e-06,5.94927382611581e-06,"2823/9863/22871/1826/57554/26053/54874/221914/10178/57498/4135/23499/2932/57451/5789/324/1272/26052/55704/9638/6092/5295/1996/257194/6091/11141/55714/9693/9353/51761/91584/5362/1268/23426/51199/4131/8321/23316/7804/79734/54869/7074/4137/57118/10690/54828/347733/139818/91752/6792/221908/163404/9896/2042/158866/2146/7436/4915/100528062/4192/9696",61
"GO:0099003","vesicle-mediated transport in synapse","43/1560","212/18903",2.74078153747469e-08,7.70303863690255e-06,7.10325541956044e-06,"6857/22871/9699/57502/26059/8618/2932/9892/26052/22999/5217/1000/8573/6622/22883/6453/273/8224/1488/112476/57084/5579/1129/1644/10675/1268/1020/23557/27253/56850/785/8120/321/54413/10947/84062/134957/4983/116443/107/8546/11069/115548",43
"GO:0099111","microtubule-based transport","42/1560","209/18903",5.22513683996695e-08,1.39511153627118e-05,1.28648369144029e-05,"6421/3800/22920/667/9638/5991/1740/1781/26958/636/2647/79582/1780/23095/112752/23557/66000/1778/25809/51668/4131/8120/11020/55638/4137/10947/351/7345/84062/79659/10013/6687/161582/8382/80208/79925/23224/8546/79809/8481/152110/9742",42
"GO:0051963","regulation of synapse assembly","27/1560","104/18903",5.6595602209936e-08,1.43914531333837e-05,1.32708885783499e-05,"22871/2895/10082/9378/577/23077/5789/6092/6622/257194/145581/22883/11141/2047/22865/57633/147381/8321/23316/54413/2045/351/266727/869/4915/100528062/575",27
"GO:0099172","presynapse organization","18/1560","52/18903",8.0341431039801e-08,1.95010564432971e-05,1.7982641837521e-05,"22871/10082/57502/5789/53942/1108/6622/145581/11141/22865/23557/147381/27253/8321/54413/351/266727/869",18
"GO:0097120","receptor localization to synapse","18/1560","56/18903",2.90449282331453e-07,6.74347464195634e-05,6.21840614529307e-05,"22871/10082/3800/57554/10243/56899/1740/22883/23426/388336/56850/102/201134/10369/9211/59283/1739/81832",18
"GO:0007411","axon guidance","43/1560","236/18903",6.39248708815166e-07,0.000142232837711374,0.000131158134203392,"10752/1630/5800/3800/9378/1826/4684/4009/152330/23077/4897/285220/1272/9638/2044/53942/6092/8997/6091/214/80031/4756/7976/23032/9353/91584/2047/5362/1020/10381/10371/2051/6586/11313/9637/2045/351/347733/9211/57549/2042/4983/123016",43
"GO:0008088","axo-dendritic transport","21/1560","77/18903",6.8368992229329e-07,0.000142350414265918,0.00013126655587147,"6421/3800/667/9638/1740/2647/23095/23557/66000/1778/8120/55638/4137/10947/351/7345/84062/10013/6687/80208/8546",21
"GO:0042391","regulation of membrane potential","66/1560","431/18903",6.96756376782216e-07,0.000142350414265918,0.00013126655587147,"6546/22871/781/288/56853/2895/9699/9378/10142/287/2742/9472/2904/57502/2932/2890/5530/4897/131096/90134/22999/93974/476/6328/6326/2898/2894/6622/2560/2257/775/142/10242/3751/1268/1020/2555/6511/66000/3778/1258/785/1756/23316/54413/4137/5071/9722/351/18/259232/776/29098/869/54207/55669/2567/10369/2743/116443/4915/6547/6323/1739/596/81832",66
"GO:0097485","neuron projection guidance","43/1560","237/18903",7.19749285614194e-07,0.000142350414265918,0.00013126655587147,"10752/1630/5800/3800/9378/1826/4684/4009/152330/23077/4897/285220/1272/9638/2044/53942/6092/8997/6091/214/80031/4756/7976/23032/9353/91584/2047/5362/1020/10381/10371/2051/6586/11313/9637/2045/351/347733/9211/57549/2042/4983/123016",43
"GO:0010970","transport along microtubule","34/1560","168/18903",7.9992701779434e-07,0.000152557509822206,0.000140678894332403,"6421/3800/22920/667/9638/1740/1781/26958/636/2647/1780/23095/112752/23557/66000/1778/51668/4131/8120/11020/55638/4137/10947/351/7345/84062/79659/10013/6687/80208/23224/8546/79809/9742",34
"GO:0046928","regulation of neurotransmitter secretion","23/1560","91/18903",8.95370959079655e-07,0.000164871755913288,0.000152034313850259,"6857/22871/2932/22999/5217/8573/6622/5579/1129/10675/1268/1020/23557/25953/785/321/5071/84062/134957/9627/815/116443/107",23
"GO:0099054","presynapse assembly","16/1560","49/18903",1.04046025355333e-06,0.000185201925132492,0.000170781511092016,"22871/10082/57502/5789/53942/6622/145581/11141/22865/147381/27253/8321/54413/351/266727/869",16
"GO:1901888","regulation of cell junction assembly","38/1560","204/18903",1.61358485855434e-06,0.000277953004667103,0.00025631069501926,"22871/2895/26047/10082/9378/23122/577/23077/23499/5789/6092/22998/9448/5786/6622/257194/145581/22883/79191/11141/9693/2047/22865/57633/147381/8321/23316/54413/2045/54828/351/266727/869/2042/57669/4915/100528062/575",38
"GO:0007626","locomotory behavior","37/1560","197/18903",1.79502124375599e-06,0.000299369795135678,0.000276059905705638,"10752/3084/1826/4009/1272/1600/4929/1996/6622/257194/10882/5090/57144/2257/3170/460/55636/10499/3751/6505/785/23230/321/57626/2395/5071/351/18/7345/57282/5581/2743/9896/3073/435/80208/6323",37
"GO:0021953","central nervous system neuron differentiation","34/1560","174/18903",1.85003805982723e-06,0.000299369795135678,0.000276059905705638,"6659/1630/2895/4009/23077/161357/27089/4929/1996/2560/9693/57688/9353/166614/91584/2047/6095/55906/1020/9201/25809/79048/51199/2051/4137/266727/79659/57282/869/9331/80208/4983/4915/79809",34
"GO:0006338","chromatin remodeling","58/1560","373/18903",1.98629546210442e-06,0.000310467386766517,0.000286293403369558,"473/4300/4692/50809/546/10765/11335/6597/1108/6601/80205/2186/4676/57492/10984/5928/5931/51412/55193/201161/22955/55729/6599/7150/29994/11198/54737/7175/4678/55636/57680/56916/29117/1786/605/6595/23522/196528/80312/84181/23506/83989/23272/84954/25842/3169/9682/152485/257218/9219/10445/23081/65980/84456/55196/2146/8850/11164",58
"GO:0035249","synaptic transmission, glutamatergic","24/1560","102/18903",2.09371281815055e-06,0.000310467386766517,0.000286293403369558,"6857/22871/2895/9378/2891/2918/2904/1000/2898/2894/2917/57084/1268/1020/1006/785/54413/5071/9456/84062/10369/59283/2913/4983",24
"GO:0009201","ribonucleoside triphosphate biosynthetic process","27/1560","123/18903",2.10158782614528e-06,0.000310467386766517,0.000286293403369558,"514/4696/9551/4725/51079/4707/4694/4708/4717/522/521/4710/10476/142/4731/4701/4709/4720/29922/8604/4832/9605/4833/221264/8382/56474/1503",27
"GO:0060078","regulation of postsynaptic membrane potential","30/1560","145/18903",2.16624514197837e-06,0.000310467386766517,0.000286293403369558,"22871/56853/2895/9699/9378/2742/2904/57502/2932/2890/5530/22999/2898/2894/6622/2560/3751/1020/2555/66000/23316/54413/351/18/869/2567/2743/116443/6547/81832",30
"GO:0030900","forebrain development","59/1560","383/18903",2.20931848260818e-06,0.000310467386766517,0.000286293403369558,"10718/6546/26047/3084/27086/4009/2066/2932/546/7026/5308/9638/2044/6092/27089/1600/1000/4929/221692/1996/6091/63950/81853/6434/83696/9693/57688/9353/85440/166614/6935/55636/5592/91584/1020/333/9201/10371/66000/79048/22903/51199/7804/114327/351/266727/79659/57282/23380/84287/4983/2146/4915/50937/23224/23322/79809/4192/123016",59
"GO:0030902","hindbrain development","31/1560","153/18903",2.35154826339249e-06,0.000321981223756818,0.000296910736198382,"1496/2895/473/4009/57502/1152/1272/27089/1600/58155/54806/2047/6095/5362/1020/25809/4086/57626/80184/388610/79971/18/23026/869/23385/4983/2146/23322/79809/596/4192",31
"GO:0050773","regulation of dendrite development","24/1560","103/18903",2.51866725830167e-06,0.000322814816230351,0.000297679422496665,"1630/120114/577/2932/5789/5530/1996/23043/11141/4139/9693/57520/23072/23316/7804/53335/57118/114788/6792/158866/2146/7436/100528062/9856",24
"GO:0007215","glutamate receptor signaling pathway","16/1560","52/18903",2.53899293664321e-06,0.000322814816230351,0.000297679422496665,"2895/2891/2918/2904/2890/2893/2898/2894/2917/6505/351/9456/9454/2913/23385/116443",16
"GO:0097479","synaptic vesicle localization","16/1560","52/18903",2.53899293664321e-06,0.000322814816230351,0.000297679422496665,"22871/3800/9892/1000/6622/2647/8224/1020/23557/27253/8120/5071/10947/84062/80208/8546",16
"GO:0098930","axonal transport","18/1560","64/18903",2.60356993301158e-06,0.000323327056797252,0.000298151778375231,"3800/667/9638/1740/2647/23095/23557/66000/1778/8120/55638/4137/10947/7345/84062/10013/6687/8546",18
"GO:0070507","regulation of microtubule cytoskeleton organization","31/1560","155/18903",3.12962825800184e-06,0.000379823065857496,0.000350248827534273,"89795/10142/23122/4135/2932/324/22924/4281/10382/2770/9793/6622/636/7175/1027/55521/3925/348235/6249/1778/122060/10297/4131/10207/4137/10013/29098/79598/5563/79643/2042",31
"GO:0009142","nucleoside triphosphate biosynthetic process","28/1560","134/18903",3.81889893849012e-06,0.000453176007367494,0.000417890274485539,"514/4696/9551/4725/51079/4707/4694/4708/4717/522/521/4710/10476/142/4731/4701/4709/4720/29922/8604/4832/9605/4833/221264/8382/26289/56474/1503",28
"GO:0006836","neurotransmitter transport","38/1560","212/18903",4.20949787418034e-06,0.000488667796698327,0.000450618559620496,"6857/22871/9699/9378/26059/8618/2932/22999/5217/8573/6622/8224/1488/112476/57084/5579/1129/1644/10675/1268/9899/1020/23557/2555/6511/6505/25953/785/6529/321/5071/3382/84062/134957/9627/815/116443/107",38
"GO:2000300","regulation of synaptic vesicle exocytosis","17/1560","60/18903",4.40030713379686e-06,0.000499949789244153,0.000461022100154573,"6857/22871/2932/5217/8573/5579/1129/10675/1268/1020/23557/785/321/84062/134957/116443/107",17
"GO:0030534","adult behavior","29/1560","143/18903",4.83032049917334e-06,0.000537373155533034,0.000495531563489756,"10752/26047/9378/57502/1600/4929/6622/5090/2257/3170/9607/55636/1020/27253/6505/785/54413/57626/2395/5071/351/18/7345/285671/9456/23385/2743/3073/6323",29
"GO:0007269","neurotransmitter secretion","30/1560","151/18903",5.16295829890135e-06,0.000548318738553014,0.000505624888419279,"6857/22871/9699/9378/26059/8618/2932/22999/5217/8573/6622/8224/1488/112476/5579/1129/10675/1268/1020/23557/25953/785/321/5071/84062/134957/9627/815/116443/107",30
"GO:0099643","signal release from synapse","30/1560","151/18903",5.16295829890135e-06,0.000548318738553014,0.000505624888419279,"6857/22871/9699/9378/26059/8618/2932/22999/5217/8573/6622/8224/1488/112476/5579/1129/10675/1268/1020/23557/25953/785/321/5071/84062/134957/9627/815/116443/107",30
"GO:0021537","telencephalon development","43/1560","255/18903",5.23675199741643e-06,0.000548318738553014,0.000505624888419279,"10718/6546/26047/3084/27086/4009/2066/2932/9638/2044/6092/27089/1600/1000/221692/6091/63950/81853/6434/83696/57688/9353/166614/55636/91584/1020/10371/66000/79048/22903/51199/7804/114327/266727/23380/84287/2146/4915/50937/23224/23322/4192/123016",43
"GO:0021549","cerebellum development","23/1560","101/18903",6.11973694149521e-06,0.000628449908992008,0.000579516789722967,"2895/473/4009/57502/1152/1272/27089/1600/58155/6095/1020/25809/57626/388610/18/23026/869/23385/4983/2146/23322/79809/4192",23
"GO:2000819","regulation of nucleotide-excision repair","11/1560","28/18903",6.70115043564522e-06,0.000675172515591424,0.000622601424785468,"6597/6601/57492/51412/55193/6599/29117/605/6595/196528/1161",11
"GO:0098815","modulation of excitatory postsynaptic potential","14/1560","44/18903",6.91389670209144e-06,0.000683707562762376,0.000630471905894421,"22871/56853/9699/9378/2904/57502/22999/66000/23316/54413/351/869/6547/81832",14
"GO:2000781","positive regulation of double-strand break repair","21/1560","88/18903",7.05307097656634e-06,0.000684789072997532,0.000631469206284734,"2521/6597/6601/80314/57492/51412/55193/6599/142/5591/29117/605/6595/196528/23514/56776/10902/26122/55257/64210/54799",21
"GO:0009206","purine ribonucleoside triphosphate biosynthetic process","25/1560","117/18903",8.20824028781007e-06,0.000782714341730461,0.00072176970049578,"514/4696/9551/4725/51079/4707/4694/4708/4717/522/521/4710/10476/142/4731/4701/4709/4720/29922/8604/4832/9605/4833/221264/8382",25
"GO:0031503","protein-containing complex localization","33/1560","178/18903",8.48007152051901e-06,0.000794448805606518,0.000732590481495622,"6421/22871/10082/3800/10142/57554/10243/56899/26052/1740/22883/112752/23426/23557/388336/6505/56850/51668/102/440145/55705/11020/201134/79659/10369/9211/59283/4983/79809/1739/81832/472/9742",33
"GO:0051965","positive regulation of synapse assembly","17/1560","63/18903",9.07302839457945e-06,0.000835344338397488,0.000770301757347417,"22871/2895/9378/577/5789/22883/11141/2047/22865/57633/147381/23316/54413/869/4915/100528062/575",17
"GO:0009145","purine nucleoside triphosphate biosynthetic process","25/1560","118/18903",9.60950183209453e-06,0.000869741352260759,0.000802020509733064,"514/4696/9551/4725/51079/4707/4694/4708/4717/522/521/4710/10476/142/4731/4701/4709/4720/29922/8604/4832/9605/4833/221264/8382",25
"GO:0016079","synaptic vesicle exocytosis","24/1560","111/18903",1.00013329863637e-05,0.00087552652700299,0.000807355232272814,"6857/22871/9699/26059/8618/2932/22999/5217/8573/6622/1488/112476/5579/1129/10675/1268/1020/23557/785/321/84062/134957/116443/107",24
"GO:0022037","metencephalon development","24/1560","111/18903",1.00013329863637e-05,0.00087552652700299,0.000807355232272814,"2895/473/4009/57502/1152/1272/27089/1600/58155/6095/1020/25809/57626/388610/18/23026/869/23385/4983/2146/23322/79809/596/4192",24
"GO:0043484","regulation of RNA splicing","33/1560","180/18903",1.08255259390527e-05,0.000932392072815187,0.000859793044870776,"54715/4857/3181/56853/10659/23543/2521/1655/6651/84530/10657/3190/6231/58155/5295/3191/27316/6434/10772/6432/8464/7072/284695/55578/1207/83989/55147/81669/4154/146713/84081/8850/1196",33
"GO:0051588","regulation of neurotransmitter transport","23/1560","105/18903",1.21326174542233e-05,0.0010283837651675,0.000948310517140459,"6857/22871/2932/22999/5217/8573/6622/5579/1129/10675/1268/1020/23557/25953/785/321/5071/84062/134957/9627/815/116443/107",23
"GO:0021954","central nervous system neuron development","20/1560","85/18903",1.44994575186704e-05,0.00120979848671406,0.00111559970842664,"1630/23077/27089/4929/2560/9693/9353/166614/91584/2047/1020/9201/79048/51199/2051/4137/57282/9331/80208/4915",20
"GO:0007158","neuron cell-cell adhesion","8/1560","16/18903",1.48826843304946e-05,0.00122266975884371,0.00112746878215471,"22871/9378/152330/57502/460/23245/4685/54413",8
"GO:0099565","chemical synaptic transmission, postsynaptic","26/1560","130/18903",1.89907033057468e-05,0.00153652054019224,0.00141688213818634,"22871/56853/2895/9699/9378/2742/2904/57502/2932/5530/22999/2898/6622/2560/1020/2555/66000/23316/54413/351/18/869/2567/2743/6547/81832",26
"GO:0099175","regulation of postsynapse organization","20/1560","87/18903",2.09152090656349e-05,0.00166428352840359,0.00153469709163651,"22871/2895/2904/5789/4897/8499/26052/1000/11141/1020/23316/7804/2045/9456/84062/869/91752/6792/158866/100528062",20
"GO:0008038","neuron recognition","14/1560","48/18903",2.11931235826674e-05,0.00166428352840359,0.00153469709163651,"4978/50863/26047/1826/152330/4692/4897/6092/6091/1268/4685/351/57549/2042",14
"GO:0042776","proton motive force-driven mitochondrial ATP synthesis","17/1560","67/18903",2.19938235182417e-05,0.00170213068967262,0.00156959735191968,"514/4696/9551/4725/51079/4707/4694/4708/4717/522/521/4710/10476/4731/4701/4709/4720",17
"GO:0048024","regulation of mRNA splicing, via spliceosome","23/1560","109/18903",2.30632531046569e-05,0.00175939673684097,0.00162240448155767,"54715/4857/3181/56853/10659/23543/1655/6651/84530/10657/3190/3191/27316/6434/10772/6432/7072/1207/83989/55147/4154/146713/84081",23
"GO:0060079","excitatory postsynaptic potential","25/1560","124/18903",2.36373158656527e-05,0.0017777924890505,0.00163936788168307,"22871/56853/2895/9699/9378/2742/2904/57502/2932/5530/22999/2898/6622/2560/1020/2555/66000/23316/54413/351/869/2567/2743/6547/81832",25
"GO:0000380","alternative mRNA splicing, via spliceosome","19/1560","81/18903",2.46876665728678e-05,0.0018310019374877,0.00168843427233737,"54715/4857/6421/56853/10659/23543/1655/84530/10657/3191/27316/6434/4670/7072/83989/51319/4154/146713/84081",19
"GO:0000381","regulation of alternative mRNA splicing, via spliceosome","16/1560","62/18903",3.03745144961396e-05,0.00219189064066737,0.00202122302721111,"54715/4857/56853/10659/23543/1655/84530/10657/3191/27316/6434/7072/83989/4154/146713/84081",16
"GO:0099601","regulation of neurotransmitter receptor activity","16/1560","62/18903",3.03745144961396e-05,0.00219189064066737,0.00202122302721111,"22871/10142/81831/388336/823/54413/3460/1612/9228/351/9456/9454/10369/59283/81832/50488",16
"GO:0010976","positive regulation of neuron projection development","29/1560","157/18903",3.12932038239537e-05,0.0022280761122655,0.00205459098229411,"9863/22871/57554/221914/57498/1272/9638/1996/257194/55714/9693/51761/1268/8321/23316/7804/57118/10690/347733/91752/163404/9896/2042/158866/2146/7436/4915/100528062/4192",29
"GO:0099558","maintenance of synapse structure","9/1560","22/18903",3.20385251024282e-05,0.0022511279479864,0.00207584792838171,"22871/26059/577/10882/1488/147381/869/4983/1739",9
"GO:0035418","protein localization to synapse","17/1560","69/18903",3.32146919137727e-05,0.0023034604522019,0.00212410565649526,"22871/10082/3800/9378/1740/22883/1020/22865/23426/56850/102/4137/9456/10369/9211/158866/1739",17
"GO:0044782","cilium organization","56/1560","391/18903",3.46263617919097e-05,0.00235861466583457,0.00217496538670888,"54874/22920/2932/55704/3175/54806/5991/57489/79582/54839/10806/55761/112752/57562/25809/51668/84131/401024/11020/27241/8729/79734/4750/80184/92482/10464/65250/51256/5311/221322/79659/25776/10013/285331/79598/6792/221908/161582/8382/54558/84100/79925/84071/8555/23329/23224/23322/1874/22897/79809/123016/5116/8481/9696/9742/10198",56
"GO:0015986","proton motive force-driven ATP synthesis","18/1560","76/18903",3.48933630338823e-05,0.00235861466583457,0.00217496538670888,"514/4696/9551/4725/51079/4707/4694/4708/4717/522/521/4710/10476/4731/4701/4709/4720/9605",18
"GO:0106027","neuron projection organization","20/1560","91/18903",4.18259495684996e-05,0.00279188213369735,0.00257449726422949,"22871/2904/1501/2932/8499/26052/2047/1020/23316/7804/351/9456/84062/10013/91752/158866/23181/100528062/10196/9463",20
"GO:0009260","ribonucleotide biosynthetic process","38/1560","234/18903",4.26655943087621e-05,0.00281276880998506,0.00259375763712007,"514/4696/9551/4725/51079/4707/4694/4708/4717/522/521/6622/4710/10476/142/4731/4701/31/47/51144/4709/79071/4720/29922/8604/2983/4832/108/79877/9605/4833/221264/8382/26289/56474/23181/1503/107",38
"GO:0006120","mitochondrial electron transport, NADH to ubiquinone","14/1560","51/18903",4.49035633981784e-05,0.00292420766519844,0.00269651950676095,"4696/4725/4707/4694/4708/4717/6622/4710/4731/4701/4709/4720/29103/57017",14
"GO:0021952","central nervous system projection neuron axonogenesis","10/1560","28/18903",4.67842300108556e-05,0.00300997335250565,0.00277560720343415,"1630/23077/4929/9353/91584/2047/9201/51199/2051/80208",10
"GO:0050890","cognition","47/1560","314/18903",4.828464218487e-05,0.00306952368175245,0.00283052075364439,"10752/26047/9378/4009/7991/2904/57502/577/3156/2890/5577/6326/1996/6310/10882/22986/57144/10396/84502/55636/57468/1268/1020/6505/6529/23316/54413/22849/4137/5071/64478/351/54207/4212/8086/161582/23385/9980/80208/7436/4915/100528062/107/6547/81832/4192/123016",47
"GO:0060996","dendritic spine development","20/1560","92/18903",4.93527932068783e-05,0.00310051665558506,0.00285910051543996,"22871/1501/8499/26052/57468/2047/1020/23316/7804/23105/22849/84062/10013/23380/815/158866/23181/116443/100528062/10196",20
"GO:0009060","aerobic respiration","33/1560","194/18903",5.24546870574699e-05,0.00325707010333592,0.0030034642111976,"514/4696/10975/1345/9551/4725/51079/27089/29796/4707/4694/4708/4717/522/3417/521/6622/4710/10476/2647/4731/4701/4709/4720/2271/1347/1350/29103/3418/23530/2395/57017/55526",33
"GO:0099084","postsynaptic specialization organization","11/1560","34/18903",5.61755251467418e-05,0.00337053150880451,0.00310809114886408,"22871/2895/9378/5789/1000/23229/22865/66000/869/4983/1739",11
"GO:0099174","regulation of presynapse organization","11/1560","34/18903",5.61755251467418e-05,0.00337053150880451,0.00310809114886408,"10082/5789/6622/145581/11141/22865/147381/8321/351/266727/869",11
"GO:1905606","regulation of presynapse assembly","11/1560","34/18903",5.61755251467418e-05,0.00337053150880451,0.00310809114886408,"10082/5789/6622/145581/11141/22865/147381/8321/351/266727/869",11
"GO:0009152","purine ribonucleotide biosynthetic process","36/1560","220/18903",5.69953015662538e-05,0.00338172122626439,0.00311840959914544,"514/4696/9551/4725/51079/4707/4694/4708/4717/522/521/6622/4710/10476/142/4731/4701/31/47/51144/4709/79071/4720/29922/8604/2983/4832/108/79877/9605/4833/221264/8382/26289/23181/107",36
"GO:0019646","aerobic electron transport chain","20/1560","93/18903",5.80620974510557e-05,0.00340716044383118,0.00314186803789519,"4696/10975/1345/4725/27089/29796/4707/4694/4708/4717/6622/4710/4731/4701/4709/4720/1347/1350/29103/57017",20
"GO:0048588","developmental cell growth","37/1560","229/18903",5.9713489900117e-05,0.00341871165317675,0.0031525198331482,"6857/1630/9699/1826/26053/27086/9472/4692/23499/2932/8470/4897/22999/214/80031/9353/91584/1020/11214/9201/10371/66000/51199/4131/23105/54413/53335/6586/4137/5071/2045/351/10038/10013/6792/80208/9856",37
"GO:0060271","cilium assembly","52/1560","362/18903",6.0100207773642e-05,0.00341871165317675,0.0031525198331482,"54874/2932/55704/3175/54806/5991/57489/79582/54839/10806/112752/57562/25809/51668/401024/11020/27241/8729/79734/4750/80184/92482/10464/65250/51256/221322/79659/25776/10013/285331/79598/6792/221908/161582/8382/54558/84100/79925/84071/8555/23329/23224/23322/1874/22897/79809/123016/5116/8481/9696/9742/10198",52
"GO:0048489","synaptic vesicle transport","12/1560","40/18903",6.01795684267068e-05,0.00341871165317675,0.0031525198331482,"3800/9892/6622/2647/1020/23557/8120/5071/10947/84062/80208/8546",12
"GO:0007611","learning or memory","42/1560","273/18903",6.33434012638468e-05,0.00356012793139693,0.00328292498779319,"26047/9378/4009/2904/57502/577/3156/2890/5577/6326/1996/6310/10882/22986/57144/10396/84502/57468/1268/1020/6505/6529/23316/54413/22849/4137/5071/64478/351/54207/4212/8086/161582/23385/80208/7436/4915/100528062/107/6547/81832/4192",42
"GO:0006119","oxidative phosphorylation","27/1560","147/18903",6.40022998902819e-05,0.00356012793139693,0.00328292498779319,"514/4696/10975/1345/9551/4725/51079/27089/29796/4707/4694/4708/4717/522/521/6622/4710/10476/4731/4701/4709/4720/1347/1350/29103/2395/57017",27
"GO:0099068","postsynapse assembly","10/1560","29/18903",6.61481715553803e-05,0.00364155913511063,0.00335801569762419,"22871/2895/9378/57502/5789/1000/23229/22865/54413/869",10
"GO:0031109","microtubule polymerization or depolymerization","24/1560","124/18903",6.79909339450957e-05,0.00370481211496746,0.0034163435982294,"89795/10142/23122/324/22924/4281/10382/9793/6622/1027/3925/348235/6249/10844/2801/440145/51199/122060/10297/4131/4137/10013/29098/344148",24
"GO:0031110","regulation of microtubule polymerization or depolymerization","19/1560","87/18903",7.06976250453104e-05,0.00381338704789856,0.00351646453973378,"89795/10142/23122/324/22924/4281/10382/9793/6622/1027/3925/348235/6249/122060/10297/4131/4137/10013/29098",19
"GO:0051494","negative regulation of cytoskeleton organization","29/1560","165/18903",8.00048386426949e-05,0.00427225838351991,0.00393960668600554,"1496/89795/23122/6709/324/11013/4281/5217/10382/85464/5295/6622/80206/9353/23671/3925/9026/11151/100505385/11078/10297/4131/5071/10013/6840/286527/8850/9168/9463",29
"GO:0046390","ribose phosphate biosynthetic process","38/1560","241/18903",8.17078851594235e-05,0.00432000105694377,0.00398363196222807,"514/4696/9551/4725/51079/4707/4694/4708/4717/522/521/6622/4710/10476/142/4731/4701/31/47/51144/4709/79071/4720/29922/8604/2983/4832/108/79877/9605/4833/221264/8382/26289/56474/23181/1503/107",38
"GO:0097061","dendritic spine organization","18/1560","81/18903",8.55767520210387e-05,0.00448019466463085,0.00413135238343054,"22871/2904/1501/8499/26052/2047/1020/23316/7804/9456/84062/10013/91752/158866/23181/100528062/10196/9463",18
"GO:0006486","protein glycosylation","36/1560","225/18903",9.16675437162161e-05,0.00470677580235187,0.00434029118931639,"442117/7991/100128731/4249/746/114805/200185/25834/56913/54344/160335/256435/55757/80312/2530/8706/2801/387923/55624/9215/2589/10690/81849/9331/2590/83857/152002/6487/51006/283464/374378/6489/7841/283417/2218/51809",36
"GO:0043413","macromolecule glycosylation","36/1560","225/18903",9.16675437162161e-05,0.00470677580235187,0.00434029118931639,"442117/7991/100128731/4249/746/114805/200185/25834/56913/54344/160335/256435/55757/80312/2530/8706/2801/387923/55624/9215/2589/10690/81849/9331/2590/83857/152002/6487/51006/283464/374378/6489/7841/283417/2218/51809",36
"GO:0032886","regulation of microtubule-based process","39/1560","252/18903",0.000100028315088157,0.0050871543101977,0.00469105221034986,"89795/10142/23122/4135/23499/2932/324/22924/9638/4281/10382/2770/9793/6622/636/7175/1027/55521/3925/348235/6249/1778/122060/10297/4131/10207/4137/81669/10013/29098/79598/5563/85459/221908/79643/2042/64147/8850/79809",39
"GO:0070085","glycosylation","38/1560","244/18903",0.000106698827930829,0.00537520510519459,0.00495667444945797,"442117/7991/100128731/4249/746/114805/200185/2917/25834/56913/54344/160335/256435/55757/80312/2530/8706/2801/387923/55624/9215/2589/10690/81849/9331/2590/83857/152002/6487/51006/283464/374378/6489/10466/7841/283417/2218/51809",38
"GO:0045739","positive regulation of DNA repair","24/1560","128/18903",0.000114503808063958,0.00566268783230714,0.00522177285226351,"2521/6597/6601/80314/57492/51412/55193/6599/142/5591/29117/605/6595/196528/23514/56776/10902/26122/10445/55257/79184/64210/54799/9577",24
"GO:0006493","protein O-linked glycosylation","19/1560","90/18903",0.000114526270765762,0.00566268783230714,0.00522177285226351,"442117/114805/56913/54344/160335/80312/55624/9215/2589/10690/2590/83857/152002/6487/51006/283464/374378/2218/51809",19
"GO:0009259","ribonucleotide metabolic process","62/1560","466/18903",0.000122042854791047,0.00596651028638085,0.0055019387186457,"514/4696/3156/9551/4725/51079/93974/4597/4707/4694/4708/4717/522/521/5144/8573/1740/6622/1806/4710/10476/142/5142/10059/4731/4701/31/47/51144/4709/79071/4720/6095/29922/5150/8604/30833/785/3157/2983/4832/108/79877/9605/3295/11182/351/5571/4833/55669/5563/221264/4598/8382/26289/56474/23181/1503/107/1739/11164/55526",62
"GO:0051258","protein polymerization","42/1560","281/18903",0.000122905642603351,0.00596651028638085,0.0055019387186457,"89795/10142/23122/6709/10178/11013/22924/5217/10382/85464/9793/6622/80206/10059/9353/2241/1027/3925/9026/55761/6249/10844/9873/11151/2801/440145/51199/122060/11078/4131/4137/5071/5581/29098/6840/84100/286527/3717/9168/1739/79585/55243",42
"GO:0051491","positive regulation of filopodium assembly","10/1560","31/18903",0.000125713306934057,0.00599383088417734,0.00552713204734508,"2823/22871/54874/10178/57451/26052/5295/54828/139818/163404",10
"GO:0097106","postsynaptic density organization","10/1560","31/18903",0.000125713306934057,0.00599383088417734,0.00552713204734508,"22871/2895/9378/5789/1000/22865/66000/869/4983/1739",10
"GO:0098742","cell-cell adhesion via plasma-membrane adhesion molecules","42/1560","282/18903",0.000133146854401449,0.00612051707835688,0.00564395404938961,"253559/22854/23284/22871/2895/120114/10082/1826/22920/152330/10178/57451/5789/26011/6092/11122/1600/1000/6091/214/145581/22883/56133/11141/5099/55714/1008/28316/65217/22865/57689/1006/27253/266727/5607/56144/869/57575/57526/57549/56100/4155",42
"GO:0021955","central nervous system neuron axonogenesis","11/1560","37/18903",0.000133263676083382,0.00612051707835688,0.00564395404938961,"1630/23077/4929/9353/91584/2047/9201/51199/2051/9331/80208",11
"GO:0022898","regulation of transmembrane transporter activity","43/1560","291/18903",0.000133507059111268,0.00612051707835688,0.00564395404938961,"22871/781/288/10142/287/9472/5530/2259/9747/5144/6622/2257/5142/84502/10063/81831/401152/57520/389816/1020/805/388336/23072/785/1756/823/54413/3460/1612/9722/351/5311/5243/9456/5581/776/29098/10369/59283/1739/596/81832/50488",43
"GO:0006754","ATP biosynthetic process","21/1560","106/18903",0.000134101216885347,0.00612051707835688,0.00564395404938961,"514/4696/9551/4725/51079/4707/4694/4708/4717/522/521/4710/10476/142/4731/4701/4709/4720/8604/9605/221264",21
"GO:1901890","positive regulation of cell junction assembly","21/1560","106/18903",0.000134101216885347,0.00612051707835688,0.00564395404938961,"22871/2895/26047/9378/577/5789/9448/22883/79191/11141/2047/22865/57633/147381/23316/54413/869/57669/4915/100528062/575",21
"GO:0035637","multicellular organismal signaling","29/1560","170/18903",0.000137950564919843,0.00624284759891492,0.00575675952448728,"6546/781/288/26047/10142/287/490/4897/476/6328/6326/5144/2898/2257/79191/775/10242/9607/3751/805/785/7220/776/29098/10369/59283/4915/6547/6323",29
"GO:0022904","respiratory electron transport chain","23/1560","122/18903",0.000144684011544389,0.00645212532579354,0.00594974221842345,"4696/10975/1345/4725/27089/29796/4707/4694/4708/4717/6622/4710/4731/4701/4709/4720/1347/1350/29103/8604/83943/57017/2110",23
"GO:0033108","mitochondrial respiratory chain complex assembly","20/1560","99/18903",0.000145236846811043,0.00645212532579354,0.00594974221842345,"4696/4725/51079/4707/4694/4708/4717/647087/116228/4710/100131801/28958/10063/4709/4720/9131/83943/493753/55572/80224",20
"GO:0008380","RNA splicing","62/1560","469/18903",0.000146292452918259,0.00645212532579354,0.00594974221842345,"54715/4857/6421/3181/56853/10659/23543/2521/1655/6651/84530/10657/51747/3190/59286/6231/27332/58155/5295/3191/1996/8148/27316/9406/27336/24148/6434/10772/4670/6637/6432/10180/8464/7072/80145/55599/284695/1653/55578/10081/285672/23020/26993/1207/83989/55285/11066/55147/81669/51319/339487/4154/146713/84081/54960/54496/7375/25929/8850/1196/1659/80746",62
"GO:0035235","ionotropic glutamate receptor signaling pathway","9/1560","26/18903",0.000148616369863784,0.00645212532579354,0.00594974221842345,"2895/2891/2904/2890/2893/2898/2894/351/116443",9
"GO:1990806","ligand-gated ion channel signaling pathway","9/1560","26/18903",0.000148616369863784,0.00645212532579354,0.00594974221842345,"2895/2891/2904/2890/2893/2898/2894/351/116443",9
"GO:0021695","cerebellar cortex development","13/1560","50/18903",0.00015311167511096,0.00659368020235908,0.00608027517970349,"2895/473/27089/6095/1020/25809/57626/388610/869/4983/2146/79809/4192",13
"GO:0043087","regulation of GTPase activity","52/1560","376/18903",0.000160473618733452,0.00685543299229306,0.006321647060506,"2932/6000/2044/9910/9448/4301/9462/9779/9693/81846/868/4649/5300/51735/85440/5592/3925/91584/9771/5362/55103/121512/10297/93627/55531/10451/1124/7074/83478/54828/57186/51256/139818/23179/6792/23380/255520/27352/2042/116986/84253/2146/4915/7813/23329/57589/23143/11069/163486/123016/57568/9411",52
"GO:0046785","microtubule polymerization","18/1560","85/18903",0.000164728333155017,0.00697600624966819,0.00643283209855072,"89795/10142/23122/22924/10382/9793/6622/1027/3925/6249/10844/2801/440145/51199/122060/4131/4137/29098",18
"GO:0043113","receptor clustering","14/1560","57/18903",0.000167215131078189,0.00697600624966819,0.00643283209855072,"9863/22871/9378/57554/10243/1000/1740/1020/22865/388336/23184/2743/1739/9463",14
"GO:0051932","synaptic transmission, GABAergic","14/1560","57/18903",0.000167215131078189,0.00697600624966819,0.00643283209855072,"22871/23228/8224/1268/22865/2555/6529/9568/5334/259232/5581/2567/85445/2146",14
"GO:0051966","regulation of synaptic transmission, glutamatergic","17/1560","78/18903",0.000171563494997796,0.00710193072316458,0.00654895168991995,"6857/22871/9378/2918/2904/1000/2898/2917/1268/1020/54413/9456/84062/10369/59283/2913/4983",17
"GO:0048167","regulation of synaptic plasticity","33/1560","207/18903",0.000188971587843859,0.00775381990515635,0.00715008269590408,"2895/9699/152330/2904/26059/2932/2890/22999/2898/6622/22986/9693/84502/112476/1020/388336/6505/4131/22849/4137/351/57282/869/57406/23385/815/4915/25769/107/6547/81832/575/9463",33
"GO:0006164","purine nucleotide biosynthetic process","37/1560","242/18903",0.000191251572301663,0.00775381990515635,0.00715008269590408,"514/4696/9551/4725/51079/4707/4694/4708/4717/522/521/6622/4710/10476/142/4731/4701/31/47/51144/4709/79071/4720/29922/8604/2983/4832/108/79877/9605/4833/221264/8382/26289/23181/107/441024",37
"GO:0042773","ATP synthesis coupled electron transport","20/1560","101/18903",0.000193119484529175,0.00775381990515635,0.00715008269590408,"4696/10975/1345/4725/27089/29796/4707/4694/4708/4717/6622/4710/4731/4701/4709/4720/1347/1350/29103/57017",20
"GO:0042775","mitochondrial ATP synthesis coupled electron transport","20/1560","101/18903",0.000193119484529175,0.00775381990515635,0.00715008269590408,"4696/10975/1345/4725/27089/29796/4707/4694/4708/4717/6622/4710/4731/4701/4709/4720/1347/1350/29103/57017",20
"GO:0060997","dendritic spine morphogenesis","14/1560","58/18903",0.000203875035652848,0.00812457231631497,0.00749196713891611,"22871/1501/8499/26052/2047/1020/23316/7804/84062/10013/158866/23181/100528062/10196",14
"GO:0019693","ribose phosphate metabolic process","62/1560","475/18903",0.000208401624079121,0.00824344201912966,0.00760158126660527,"514/4696/3156/9551/4725/51079/93974/4597/4707/4694/4708/4717/522/521/5144/8573/1740/6622/1806/4710/10476/142/5142/10059/4731/4701/31/47/51144/4709/79071/4720/6095/29922/5150/8604/30833/785/3157/2983/4832/108/79877/9605/3295/11182/351/5571/4833/55669/5563/221264/4598/8382/26289/56474/23181/1503/107/1739/11164/55526",62
"GO:0042551","neuron maturation","12/1560","45/18903",0.000210399361340084,0.00826126904085332,0.00761802021941885,"26047/577/84530/4897/4929/10882/51412/53335/351/9331/596/9463",12
"GO:2001022","positive regulation of response to DNA damage stimulus","28/1560","166/18903",0.000216845875362432,0.00844704105257466,0.00778932742833515,"2521/1655/6597/6601/80314/57492/51412/55193/6599/142/5591/29117/605/6595/196528/23514/56776/10902/26122/10445/51147/55257/79184/64210/54799/472/5883/9577",28
"GO:0009150","purine ribonucleotide metabolic process","59/1560","447/18903",0.000218294319336199,0.00844704105257466,0.00778932742833515,"514/4696/3156/9551/4725/51079/93974/4597/4707/4694/4708/4717/522/521/5144/8573/1740/6622/4710/10476/142/5142/10059/4731/4701/31/47/51144/4709/79071/4720/6095/29922/5150/8604/30833/785/3157/2983/4832/108/79877/9605/3295/11182/351/5571/4833/55669/5563/221264/4598/8382/26289/23181/107/1739/11164/55526",59
"GO:0070316","regulation of G0 to G1 transition","11/1560","39/18903",0.000224029629944068,0.0085911039866501,0.00792217316174831,"6597/6601/57492/51412/55193/6599/29117/605/6595/196528/83695",11
"GO:0090659","walking behavior","10/1560","33/18903",0.000225234935979591,0.0085911039866501,0.00792217316174831,"1600/55636/785/57626/2395/7345/2743/3073/80208/6323",10
"GO:0007612","learning","26/1560","150/18903",0.000230109362930111,0.00871478012799143,0.00803621948329271,"26047/9378/57502/577/3156/5577/1996/6310/10882/22986/57144/10396/84502/57468/1020/6505/6529/54413/5071/64478/351/4212/8086/4915/6547/81832",26
"GO:0008344","adult locomotory behavior","17/1560","80/18903",0.000237108889494129,0.00891663006970879,0.00822235274316927,"10752/1600/4929/6622/5090/2257/3170/55636/785/57626/2395/5071/351/7345/2743/3073/6323",17
"GO:0032412","regulation of ion transmembrane transporter activity","41/1560","281/18903",0.000248456561697622,0.0092780282480091,0.00855561130380181,"22871/781/288/10142/287/9472/5530/2259/9747/5144/2257/5142/84502/10063/81831/401152/57520/389816/1020/805/388336/23072/785/1756/823/54413/3460/1612/9722/351/5311/5243/9456/5581/776/29098/10369/59283/1739/81832/50488",41
"GO:0001505","regulation of neurotransmitter levels","34/1560","219/18903",0.000254822363290896,0.00944966263870407,0.00871388169206735,"6857/22871/9699/9378/26059/8618/2932/22999/5217/8573/6622/8224/1488/112476/5579/1129/10675/1268/1020/23557/2555/6511/25953/785/6529/321/5071/18/84062/134957/9627/815/116443/107",34
"GO:0072384","organelle transport along microtubule","18/1560","88/18903",0.000260524234047231,0.0095944786883601,0.00884742190107403,"22920/9638/26958/636/2647/1780/23557/1778/4131/8120/55638/4137/10947/7345/84062/10013/23224/8546",18
"GO:1902903","regulation of supramolecular fiber organization","52/1560","384/18903",0.000270941748841176,0.00990978725213617,0.00913817953193239,"1496/89795/10142/23122/6709/10178/324/11013/55704/22924/4281/5217/22998/9788/10382/85464/5295/9793/6622/22843/80206/9353/23671/2241/1027/3925/9026/57026/6249/11214/9873/11151/5201/122060/11078/10297/4131/4137/5071/351/5581/10013/29098/54551/6840/286527/9168/1739/123016/9463/90668/55243",52
"GO:0033119","negative regulation of RNA splicing","9/1560","28/18903",0.000282435033784488,0.0102598849007426,0.00946101745824444,"3181/56853/3190/6231/58155/3191/27316/10772/6432",9
"GO:1902904","negative regulation of supramolecular fiber organization","28/1560","169/18903",0.000294467213133045,0.0106246953927734,0.00979742263895011,"1496/89795/23122/6709/324/11013/4281/5217/10382/85464/5295/6622/80206/9353/23671/3925/9026/11151/5201/11078/10297/4131/5071/10013/6840/286527/9168/9463",28
"GO:0043954","cellular component maintenance","15/1560","67/18903",0.000298423659734063,0.0106951835099322,0.00986242232593391,"22871/2904/26059/577/9788/10882/1488/147381/9456/869/91752/4983/1739/9463/55243",15
"GO:0048511","rhythmic process","43/1560","302/18903",0.000305312039693261,0.0108691086130801,0.0100228050644567,"6421/22871/9500/1655/23077/5602/2932/10765/11335/90134/6092/64839/49855/3191/2560/7150/142/55068/10059/9353/9607/5591/10499/6095/1644/3751/1020/8945/6586/9456/2620/5563/54551/10495/8841/116443/2146/4915/8850/107/23239/285382/4192",43
"GO:0031644","regulation of nervous system process","25/1560","145/18903",0.00032712164754341,0.0115078836158499,0.0106118430031433,"22871/56853/9699/9378/10142/2904/57502/26011/22999/2257/9607/66000/388336/8604/23316/54413/9228/351/18/9456/869/9454/9896/6547/81832",25
"GO:1902459","positive regulation of stem cell population maintenance","12/1560","47/18903",0.000327565226518575,0.0115078836158499,0.0106118430031433,"6597/5928/5931/51412/6599/79692/605/6595/80312/23506/65980/3621",12
"GO:0045333","cellular respiration","36/1560","240/18903",0.0003379179247358,0.0117798120121996,0.0108625981851113,"514/4696/10975/1345/9551/4725/51079/27089/29796/4707/4694/4708/4717/522/3417/521/6622/4710/10476/2647/4731/4701/4709/4720/2271/1347/1350/29103/3418/8604/23530/2395/83943/57017/55526/2110",36
"GO:0009199","ribonucleoside triphosphate metabolic process","37/1560","249/18903",0.000339717425070925,0.0117798120121996,0.0108625981851113,"514/4696/9551/4725/51079/93974/4707/4694/4708/4717/522/521/4710/10476/142/10059/4731/4701/4709/4720/29922/8604/4832/9605/11182/351/5571/4833/55669/5563/221264/8382/26289/56474/1503/11164/55526",37
"GO:0031113","regulation of microtubule polymerization","13/1560","54/18903",0.000350514585887028,0.0120757928299144,0.0111355329900137,"89795/10142/22924/10382/9793/6622/1027/3925/6249/122060/4131/4137/29098",13
"GO:0034331","cell junction maintenance","11/1560","41/18903",0.000362241467695022,0.0121608028875248,0.0112139238927343,"22871/26059/577/9788/10882/1488/147381/869/4983/1739/55243",11
"GO:0045023","G0 to G1 transition","11/1560","41/18903",0.000362241467695022,0.0121608028875248,0.0112139238927343,"6597/6601/57492/51412/55193/6599/29117/605/6595/196528/83695",11
"GO:0001956","positive regulation of neurotransmitter secretion","7/1560","18/18903",0.00036249069874534,0.0121608028875248,0.0112139238927343,"6857/22871/6622/1268/1020/785/84062",7
"GO:0090308","regulation of DNA methylation-dependent heterochromatin formation","7/1560","18/18903",0.00036249069874534,0.0121608028875248,0.0112139238927343,"55729/54737/1786/80312/23272/84456/55196",7
"GO:0001508","action potential","25/1560","146/18903",0.000364368625843439,0.0121608028875248,0.0112139238927343,"6546/781/288/10142/287/9472/4897/90134/476/6328/6326/2898/2257/775/10242/3751/1268/785/1756/9722/776/29098/4915/6323/1739",25
"GO:2001257","regulation of cation channel activity","31/1560","197/18903",0.000367657793968851,0.0121943640980973,0.0112448719201457,"22871/781/288/287/9472/5530/2259/5144/2257/5142/84502/81831/389816/1020/805/388336/785/1756/823/54413/3460/1612/9722/351/5311/9456/10369/59283/1739/81832/50488",31
"GO:0006163","purine nucleotide metabolic process","61/1560","476/18903",0.00038167260848112,0.0125810600573406,0.011601458495612,"514/4696/3156/9551/4725/51079/93974/4597/4707/4694/4708/4717/522/521/5144/8573/1740/6622/4710/10476/142/5142/10059/4731/4701/31/47/51144/4709/79071/4720/6095/29922/10591/5150/8604/30833/785/3157/2983/4832/108/79877/9605/3295/11182/351/5571/4833/55669/5563/221264/4598/8382/26289/23181/107/1739/11164/55526/441024",61
"GO:0060560","developmental growth involved in morphogenesis","35/1560","233/18903",0.000394712975325907,0.0129310876579162,0.0119242318280568,"6857/9863/1630/9699/1826/26053/4692/23499/2932/10765/4897/22999/214/80031/9353/91584/1020/9201/10371/66000/51199/4131/23105/54413/53335/6586/4137/5071/2045/351/10013/6792/57669/80208/9856",35
"GO:0072522","purine-containing compound biosynthetic process","37/1560","251/18903",0.000397815251583011,0.0129532527039834,0.0119446710327684,"514/4696/9551/4725/51079/4707/4694/4708/4717/522/521/6622/4710/10476/142/4731/4701/31/47/51144/4709/79071/4720/29922/8604/2983/4832/108/79877/9605/4833/221264/8382/26289/23181/107/441024",37
"GO:0050684","regulation of mRNA processing","24/1560","139/18903",0.000417241439572018,0.013503450226149,0.0124520284167011,"54715/4857/3181/56853/10659/23543/1655/6651/84530/10657/3190/3191/27316/6434/10772/6432/7072/1207/83989/22849/55147/4154/146713/84081",24
"GO:0050770","regulation of axonogenesis","26/1560","156/18903",0.000433375053580872,0.013941101121216,0.0128556024137687,"1630/1826/4135/23499/2932/6092/1600/1000/6091/80031/9353/91584/5362/1020/57689/10371/51199/4131/23105/7074/4137/2045/6792/4915/9856/4155",26
"GO:0120032","regulation of plasma membrane bounded cell projection assembly","31/1560","199/18903",0.000439556595902007,0.014055282767166,0.0129608935116898,"2823/22871/26053/54874/10178/2932/57451/324/26052/55704/5217/5295/57489/9353/2241/10806/79734/54869/83478/54828/51256/139818/79598/6792/221908/163404/23329/23224/9696/9742/10198",31
"GO:0051590","positive regulation of neurotransmitter transport","8/1560","24/18903",0.000467127911737567,0.0147601363827136,0.013610864971089,"6857/22871/6622/1268/1020/785/5071/84062",8
"GO:0099560","synaptic membrane adhesion","8/1560","24/18903",0.000467127911737567,0.0147601363827136,0.013610864971089,"22854/10082/5789/145581/22865/57689/27253/266727",8
"GO:0021543","pallium development","28/1560","174/18903",0.000479294309608383,0.0150554800782869,0.0138832122622168,"26047/4009/2932/9638/2044/27089/1600/1000/221692/6091/63950/81853/6434/83696/9353/166614/1020/66000/22903/7804/114327/266727/23380/2146/4915/50937/23224/4192",28
"GO:0086010","membrane depolarization during action potential","10/1560","36/18903",0.000492251582171978,0.0153720669520372,0.0141751486697477,"6546/781/288/287/6328/6326/775/776/29098/6323",10
"GO:0099072","regulation of postsynaptic membrane neurotransmitter receptor levels","14/1560","63/18903",0.000509058850297797,0.0158045015150595,0.0145739124950618,"10082/10243/26052/22883/126129/23426/388336/56850/102/10369/9211/59283/4983/1739",14
"GO:0032271","regulation of protein polymerization","31/1560","201/18903",0.000523612033498032,0.0160429327398338,0.0147937787023344,"89795/10142/6709/10178/11013/22924/5217/10382/85464/9793/6622/80206/9353/2241/1027/3925/9026/6249/9873/11151/122060/11078/4131/4137/5581/29098/6840/286527/9168/1739/55243",31
"GO:0060491","regulation of cell projection assembly","31/1560","201/18903",0.000523612033498032,0.0160429327398338,0.0147937787023344,"2823/22871/26053/54874/10178/2932/57451/324/26052/55704/5217/5295/57489/9353/2241/10806/79734/54869/83478/54828/51256/139818/79598/6792/221908/163404/23329/23224/9696/9742/10198",31
"GO:0006241","CTP biosynthetic process","6/1560","14/18903",0.000525751541099423,0.0160429327398338,0.0147937787023344,"29922/4832/4833/8382/56474/1503",6
"GO:0021987","cerebral cortex development","21/1560","117/18903",0.000550270485816055,0.0166957067855553,0.0153957256737291,"26047/2932/1600/1000/221692/6091/63950/81853/6434/83696/9353/1020/22903/7804/114327/266727/23380/4915/50937/23224/4192",21
"GO:0016049","cell growth","62/1560","493/18903",0.000563964966485614,0.0170145362770236,0.015689730081592,"6857/10718/1630/9699/1826/26053/27086/9472/4009/4692/23499/2932/8470/4897/6597/22999/51079/5931/214/22883/80031/57144/131566/9353/1027/91584/1020/27346/6595/11214/10591/9201/10371/66000/6197/102/51199/4131/23105/54413/53335/6586/2395/4137/5071/2045/351/5607/10038/10013/6792/9211/51147/57669/80208/3621/9826/221927/11054/54879/596/9856",62
"GO:0032092","positive regulation of protein binding","17/1560","86/18903",0.000579979006762267,0.017399370202868,0.0160445996075333,"2932/22924/23032/23228/2035/9693/5300/9026/1020/5334/4035/7074/5071/351/889/57669/4931",17
"GO:0036465","synaptic vesicle recycling","16/1560","79/18903",0.000629668152788749,0.018774409120538,0.0173125735986353,"6857/22871/57502/9892/26052/6622/6453/273/1020/56850/8120/54413/10947/4983/8546/115548",16
"GO:0051960","regulation of nervous system development","58/1560","456/18903",0.00063284525125409,0.018774409120538,0.0173125735986353,"1630/22871/2895/9378/1826/22920/577/4135/23499/5789/5530/26011/6092/1600/6091/63950/22883/80031/7976/11141/9693/9353/85440/55636/91584/2047/5362/1020/22865/57633/147381/10371/55502/8604/6258/51199/4131/23316/7804/23105/54413/51593/7074/4137/2045/9682/55198/869/6792/9896/2146/4915/100528062/1739/4192/9856/575/4155",58
"GO:0009218","pyrimidine ribonucleotide metabolic process","9/1560","31/18903",0.000657521917111573,0.0193312838433256,0.0178260882750004,"1806/29922/30833/4832/4833/8382/26289/56474/1503",9
"GO:2000779","regulation of double-strand break repair","23/1560","135/18903",0.000660655914988294,0.0193312838433256,0.0178260882750004,"2521/6597/6601/80314/57492/51412/55193/64110/6599/142/5591/29117/605/6595/196528/23514/56776/10902/26122/55257/55086/64210/54799",23
"GO:0009165","nucleotide biosynthetic process","42/1560","304/18903",0.000669100013944813,0.0193312838433256,0.0178260882750004,"514/4696/9551/4725/51079/4707/4694/4708/4717/522/521/6622/4710/10476/142/1854/4731/4701/31/47/51144/4709/79071/4720/29922/8604/2983/4832/108/79877/9605/4833/80308/221264/8382/26289/56474/23181/1503/107/54956/441024",42
"GO:0009141","nucleoside triphosphate metabolic process","38/1560","267/18903",0.000669341536310023,0.0193312838433256,0.0178260882750004,"514/4696/9551/4725/51079/93974/4707/4694/4708/4717/522/521/4710/10476/142/10059/1854/4731/4701/4709/4720/29922/8604/4832/9605/11182/351/5571/4833/55669/5563/221264/8382/26289/56474/1503/11164/55526",38
"GO:0097090","presynaptic membrane organization","5/1560","10/18903",0.000673336852969768,0.0193312838433256,0.0178260882750004,"22871/57502/5789/11141/54413",5
"GO:0097104","postsynaptic membrane assembly","5/1560","10/18903",0.000673336852969768,0.0193312838433256,0.0178260882750004,"22871/9378/57502/1000/54413",5
"GO:0051648","vesicle localization","32/1560","213/18903",0.000683252036640535,0.0195110474634249,0.0179918549248771,"22871/3800/54874/23122/22920/9892/8499/23233/1000/6622/60412/83696/2647/8224/23400/1780/1020/23557/27253/1778/54536/8120/8729/55770/5071/10947/51112/84062/80208/84100/4642/8546",32
"GO:0045663","positive regulation of myoblast differentiation","11/1560","44/18903",0.000698858967856876,0.0198505685550836,0.018304939818782,"6659/6597/6601/57492/51412/55193/6599/29117/6595/196528/50937",11
"GO:0016126","sterol biosynthetic process","14/1560","65/18903",0.000710873869871867,0.0200850077519353,0.0185211248301899,"6713/2222/3156/2224/6307/4597/7108/1718/47/5447/3157/51478/5563/4598",14
"GO:0006695","cholesterol biosynthetic process","13/1560","58/18903",0.000732244237344247,0.0204721687299386,0.0188781402165687,"2222/3156/2224/6307/4597/7108/1718/47/5447/3157/51478/5563/4598",13
"GO:1902653","secondary alcohol biosynthetic process","13/1560","58/18903",0.000732244237344247,0.0204721687299386,0.0188781402165687,"2222/3156/2224/6307/4597/7108/1718/47/5447/3157/51478/5563/4598",13
"GO:0050806","positive regulation of synaptic transmission","27/1560","170/18903",0.000737004799306827,0.0204979459807211,0.0189019103681872,"6857/22871/9699/9378/2904/2932/22999/2898/6622/22883/1268/1020/6505/785/54413/351/259232/84062/5581/10369/9211/59283/23385/4915/25769/107/6547",27
"GO:0071805","potassium ion transmembrane transport","33/1560","223/18903",0.000744038943013555,0.0205863624647274,0.018983442462053,"288/10142/287/9472/131096/6000/90134/9312/476/57628/10242/57084/57468/3763/81831/3751/389816/343450/1804/3773/3778/30820/9722/57419/5311/259232/84286/776/56479/54207/25769/1739/81832",33
"GO:1901293","nucleoside phosphate biosynthetic process","42/1560","306/18903",0.00076485129349581,0.0210531232333383,0.0194138597448367,"514/4696/9551/4725/51079/4707/4694/4708/4717/522/521/6622/4710/10476/142/1854/4731/4701/31/47/51144/4709/79071/4720/29922/8604/2983/4832/108/79877/9605/4833/80308/221264/8382/26289/56474/23181/1503/107/54956/441024",42
"GO:0050805","negative regulation of synaptic transmission","15/1560","73/18903",0.000785511439488535,0.0215109286506091,0.0198360189685688,"56853/2895/57502/2890/2898/22986/27253/25953/6529/4137/5071/869/57406/25769/9463",15
"GO:0009205","purine ribonucleoside triphosphate metabolic process","35/1560","242/18903",0.000799156707718885,0.0217729429551982,0.0200776320016592,"514/4696/9551/4725/51079/93974/4707/4694/4708/4717/522/521/4710/10476/142/10059/4731/4701/4709/4720/29922/8604/4832/9605/11182/351/5571/4833/55669/5563/221264/8382/26289/11164/55526",35
"GO:0009209","pyrimidine ribonucleoside triphosphate biosynthetic process","6/1560","15/18903",0.000815285281509649,0.0218775045390026,0.0201740520862319,"29922/4832/4833/8382/56474/1503",6
"GO:0031453","positive regulation of heterochromatin formation","6/1560","15/18903",0.000815285281509649,0.0218775045390026,0.0201740520862319,"55729/54737/7175/1786/23272/55196",6
"GO:0120263","positive regulation of heterochromatin organization","6/1560","15/18903",0.000815285281509649,0.0218775045390026,0.0201740520862319,"55729/54737/7175/1786/23272/55196",6
"GO:0050905","neuromuscular process","25/1560","154/18903",0.000822795950009959,0.0219686518652659,0.0202581023902452,"54715/1496/2895/9378/23077/2257/84502/112476/57680/51761/65217/25953/1756/9543/2395/5071/64478/351/7345/9456/2743/3073/116443/6547/6323",25
"GO:0048488","synaptic vesicle endocytosis","14/1560","66/18903",0.000834830601493407,0.022069284217697,0.0203508991859623,"6857/22871/57502/9892/26052/6622/6453/273/1020/8120/54413/10947/4983/115548",14
"GO:0140238","presynaptic endocytosis","14/1560","66/18903",0.000834830601493407,0.022069284217697,0.0203508991859623,"6857/22871/57502/9892/26052/6622/6453/273/1020/8120/54413/10947/4983/115548",14
"GO:0007628","adult walking behavior","9/1560","32/18903",0.000848518268808041,0.022211213507034,0.0204817774070383,"1600/55636/785/57626/2395/7345/2743/3073/6323",9
"GO:0019082","viral protein processing","9/1560","32/18903",0.000848518268808041,0.022211213507034,0.0204817774070383,"2932/4249/25834/256435/2530/2589/6487/7841/54956",9
"GO:1902115","regulation of organelle assembly","31/1560","207/18903",0.000866724722165814,0.022577122031051,0.0208191951234489,"2895/2932/5789/55704/9638/23229/550643/6048/57489/7175/10806/1778/79734/9637/51112/51256/869/79598/5563/85459/6792/221908/79643/64147/90678/8850/23329/23224/9696/9742/10198",31
"GO:1904062","regulation of cation transmembrane transport","51/1560","394/18903",0.000883012734050107,0.0228897475719785,0.0211074786401962,"6546/22871/781/288/10142/287/9472/2904/5530/6000/2259/57628/5144/6622/2257/775/5142/84502/10063/55636/81831/401152/57520/389816/1020/805/1804/388336/11151/23072/785/1756/7220/823/54413/30820/3460/1612/9722/351/5311/9456/5581/776/29098/10369/59283/1739/596/81832/50488",51
"GO:1990778","protein localization to cell periphery","45/1560","337/18903",0.000909902603452171,0.0234728497702154,0.0216451786369146,"288/10082/287/115827/23122/23499/55704/4301/9312/1000/57628/5295/2770/23043/22883/286/2035/9693/51735/4905/10098/1020/23426/1804/6505/56850/102/4035/9847/92482/5780/5581/29098/10369/51130/9211/10580/2042/9053/1739/23759/123016/115548/23167/57217",45
"GO:1902017","regulation of cilium assembly","14/1560","67/18903",0.000976523001203425,0.0250703501270495,0.0231182925082471,"2932/55704/57489/10806/79734/51256/79598/6792/221908/23329/23224/9696/9742/10198",14
"GO:1902414","protein localization to cell junction","18/1560","98/18903",0.00100753245356788,0.0257426952251316,0.0237382866672906,"22871/10082/3800/9378/1740/22883/1020/22865/23426/56850/102/4137/9456/10369/9211/158866/1739/143098",18
"GO:0009101","glycoprotein biosynthetic process","43/1560","321/18903",0.00109574472475253,0.0278632230008501,0.0256937033703877,"442117/7991/100128731/266722/4249/746/114805/200185/222537/25834/56913/54344/160335/256435/55757/80312/2530/8706/2801/387923/55624/9215/2589/10690/337876/9653/81849/9331/2590/83857/23385/152002/6487/51006/283464/374378/6489/7841/29940/283417/2218/596/51809",43
"GO:0006813","potassium ion transport","35/1560","247/18903",0.00115430571381857,0.0290754363763734,0.0268115299366597,"288/10142/287/9472/131096/6000/90134/9312/476/57628/4905/10242/57084/57468/3763/1027/81831/3751/389816/343450/1804/3773/3778/30820/9722/57419/5311/259232/84286/776/56479/54207/25769/1739/81832",35
"GO:0009144","purine nucleoside triphosphate metabolic process","35/1560","247/18903",0.00115430571381857,0.0290754363763734,0.0268115299366597,"514/4696/9551/4725/51079/93974/4707/4694/4708/4717/522/521/4710/10476/142/10059/4731/4701/4709/4720/29922/8604/4832/9605/11182/351/5571/4833/55669/5563/221264/8382/26289/11164/55526",35
"GO:0031111","negative regulation of microtubule polymerization or depolymerization","10/1560","40/18903",0.00121182739866133,0.0301653512532287,0.0278165805563974,"89795/23122/324/4281/10382/6622/3925/10297/4131/10013",10
"GO:0046036","CTP metabolic process","6/1560","16/18903",0.00121385404391998,0.0301653512532287,0.0278165805563974,"29922/4832/4833/8382/56474/1503",6
"GO:0019226","transmission of nerve impulse","15/1560","76/18903",0.0012145225691843,0.0301653512532287,0.0278165805563974,"288/26047/4897/6328/6326/2898/2257/10242/9607/3751/785/10369/59283/4915/6323",15
"GO:0006289","nucleotide-excision repair","16/1560","84/18903",0.00126119077938739,0.0310582647326393,0.0286399689373717,"3150/6597/6601/57492/51412/55193/6599/29117/605/6595/196528/51426/1161/2073/2176/64210",16
"GO:2001222","regulation of neuron migration","11/1560","47/18903",0.00126210551441624,0.0310582647326393,0.0286399689373717,"22854/10718/1496/3084/221692/9693/340533/10371/23380/815/4192",11
"GO:0031345","negative regulation of cell projection organization","29/1560","194/18903",0.00128643220675751,0.0315116880003904,0.0290580872197568,"1630/5800/22871/120114/2904/5530/26052/5217/1600/80031/9693/57489/9353/1020/23557/10371/7025/23105/53335/2045/83478/51256/5780/84062/79598/23329/9856/4155/10198",29
"GO:0031290","retinal ganglion cell axon guidance","7/1560","22/18903",0.00144840727927616,0.0351567948697031,0.0324193744136549,"5800/4897/6092/214/9353/2047/2045",7
"GO:0086012","membrane depolarization during cardiac muscle cell action potential","7/1560","22/18903",0.00144840727927616,0.0351567948697031,0.0324193744136549,"6546/781/288/287/775/776/29098",7
"GO:0031445","regulation of heterochromatin formation","8/1560","28/18903",0.00146612481217269,0.0352662454819917,0.0325203028513221,"55729/54737/7175/1786/80312/23272/84456/55196",8
"GO:0120261","regulation of heterochromatin organization","8/1560","28/18903",0.00146612481217269,0.0352662454819917,0.0325203028513221,"55729/54737/7175/1786/80312/23272/84456/55196",8
"GO:0098703","calcium ion import across plasma membrane","10/1560","41/18903",0.00148588737639239,0.0355117058786454,0.0327466509166772,"6546/781/5530/775/777/774/773/776/25769/6547",10
"GO:0032409","regulation of transporter activity","43/1560","326/18903",0.00148962960989074,0.0355117058786454,0.0327466509166772,"22871/781/288/10142/287/9472/5530/2259/9747/5144/6622/2257/5142/84502/10063/81831/401152/57520/389816/1020/805/388336/23072/785/1756/823/54413/3460/1612/9722/351/5311/5243/9456/5581/776/29098/10369/59283/1739/596/81832/50488",43
"GO:0022411","cellular component disassembly","59/1560","483/18903",0.00152904419242465,0.0362893155002117,0.0334637133668422,"89795/23122/6709/2932/324/6597/4281/93974/6601/9448/5295/9793/54543/6599/8562/10059/11198/4905/23400/2241/5579/3925/57026/1020/23708/57231/65992/23557/5578/327/196528/2801/102/26993/80279/11078/10297/4131/9131/8729/4035/10645/5071/64601/4319/10013/987/54463/5563/344148/6840/79643/64147/124045/64780/55014/1659/25851/26235",59
"GO:0010639","negative regulation of organelle organization","47/1560","366/18903",0.00162165043918825,0.0383168732091384,0.0353333989498028,"1496/89795/23122/6709/546/324/11013/9638/4281/5217/10382/85464/5295/550643/6622/80206/142/57489/9353/23671/7175/112476/3925/9026/11151/6196/100505385/11078/10297/4131/9637/2395/4137/5071/54464/10111/51256/10013/79598/6840/286527/8850/23329/9168/9463/472/10198",47
"GO:0051650","establishment of vesicle localization","29/1560","197/18903",0.0016355705771152,0.0384755369242077,0.0354797086007182,"22871/3800/54874/23122/22920/9892/8499/23233/6622/60412/83696/2647/23400/1780/1020/23557/1778/54536/8120/8729/55770/5071/10947/51112/84062/80208/84100/4642/8546",29
"GO:0006895","Golgi to endosome transport","6/1560","17/18903",0.00174589040246256,0.0405644681600655,0.0374059889715724,"23230/8729/23033/9980/27252/79585",6
"GO:1905269","positive regulation of chromatin organization","6/1560","17/18903",0.00174589040246256,0.0405644681600655,0.0374059889715724,"55729/54737/7175/1786/23272/55196",6
"GO:0006302","double-strand break repair","40/1560","300/18903",0.00174715874097661,0.0405644681600655,0.0374059889715724,"6421/2521/6597/6601/80314/57492/51412/55193/64110/6599/142/5591/56916/29117/10213/605/6595/1653/196528/23514/56776/9985/10902/10111/10038/26122/65123/55257/55086/1161/79184/80010/2073/55100/64210/8317/54799/472/55775/9577",40
"GO:0000377","RNA splicing, via transesterification reactions with bulged adenosine as nucleophile","43/1560","329/18903",0.00178123936942235,0.0409992165203249,0.0378068864344727,"54715/4857/6421/3181/56853/10659/23543/1655/6651/84530/10657/51747/3190/59286/58155/3191/27316/27336/24148/6434/10772/4670/6637/6432/10180/7072/55599/1653/23020/1207/83989/55285/11066/55147/51319/4154/146713/84081/54960/54496/7375/25929/1659",43
"GO:0000398","mRNA splicing, via spliceosome","43/1560","329/18903",0.00178123936942235,0.0409992165203249,0.0378068864344727,"54715/4857/6421/3181/56853/10659/23543/1655/6651/84530/10657/51747/3190/59286/58155/3191/27316/27336/24148/6434/10772/4670/6637/6432/10180/7072/55599/1653/23020/1207/83989/55285/11066/55147/51319/4154/146713/84081/54960/54496/7375/25929/1659",43
"GO:0008089","anterograde axonal transport","11/1560","49/18903",0.00181277544415501,0.0415460123252694,0.0383111069697635,"3800/9638/1740/2647/23095/23557/8120/10947/84062/6687/8546",11
"GO:0090309","positive regulation of DNA methylation-dependent heterochromatin formation","5/1560","12/18903",0.00183910391870264,0.0419692945550089,0.0387014310917271,"55729/54737/1786/23272/55196",5
"GO:0007613","memory","20/1560","120/18903",0.00189237990235442,0.0429504433328949,0.0396061844887211,"4009/2890/6326/6310/22986/57144/1268/6505/6529/23316/22849/4137/64478/54207/80208/7436/107/6547/81832/4192",20
"GO:1990138","neuron projection extension","26/1560","172/18903",0.00189818438699685,0.0429504433328949,0.0396061844887211,"6857/9699/1826/26053/4692/23499/2932/4897/22999/214/80031/9353/91584/1020/9201/10371/66000/4131/54413/53335/6586/4137/5071/6792/80208/9856",26
"GO:0009220","pyrimidine ribonucleotide biosynthetic process","7/1560","23/18903",0.0019352874201898,0.04342199505804,0.0400410196888451,"29922/4832/4833/8382/26289/56474/1503",7
"GO:0048025","negative regulation of mRNA splicing, via spliceosome","7/1560","23/18903",0.0019352874201898,0.04342199505804,0.0400410196888451,"3181/56853/3190/3191/27316/10772/6432",7
"GO:0043547","positive regulation of GTPase activity","38/1560","283/18903",0.00197784390387321,0.0441911566806818,0.0407502919282928,"2932/6000/9910/9448/4301/9779/9693/4649/5300/51735/85440/9771/55103/10297/93627/55531/1124/7074/83478/54828/57186/51256/139818/23179/6792/23380/255520/27352/116986/84253/2146/7813/23329/57589/11069/163486/57568/9411",38
"GO:0032228","regulation of synaptic transmission, GABAergic","9/1560","36/18903",0.00210961309903649,0.0467441242691073,0.0431044772976313,"22871/23228/8224/1268/6529/5334/259232/5581/85445",9
"GO:0062237","protein localization to postsynapse","9/1560","36/18903",0.00210961309903649,0.0467441242691073,0.0431044772976313,"10082/22883/23426/56850/102/10369/9211/158866/1739",9
"GO:0000375","RNA splicing, via transesterification reactions","43/1560","333/18903",0.00224672454413622,0.0493724652908948,0.0455281672838174,"54715/4857/6421/3181/56853/10659/23543/1655/6651/84530/10657/51747/3190/59286/58155/3191/27316/27336/24148/6434/10772/4670/6637/6432/10180/7072/55599/1653/23020/1207/83989/55285/11066/55147/51319/4154/146713/84081/54960/54496/7375/25929/1659",43
"GO:0015980","energy derivation by oxidation of organic compounds","43/1560","333/18903",0.00224672454413622,0.0493724652908948,0.0455281672838174,"514/4696/10975/2932/1345/9551/4725/51079/27089/29796/4707/4694/4708/4717/522/3417/521/6622/4710/10476/2647/4731/4701/4709/5257/4720/2271/55829/1347/1350/29103/3418/8604/34/7360/37/23530/2395/83943/10580/57017/55526/2110",43
